2013.08.06,00:00,1302.4,1303.9,1302.2,1303.2,85
2013.08.06,01:00,1303.8,1304,1303,1303.7,115
2013.08.06,01:30,1303.6,1303.6,1302.6,1303,47
2013.08.06,02:00,1302.9,1303,1302.4,1302.5,27
2013.08.06,02:30,1302.6,1304,1300.2,1303.2,205
2013.08.06,03:00,1303.1,1307.2,1302.9,1306.4,318
2013.08.06,03:30,1306.5,1306.9,1304.6,1304.9,294
2013.08.06,04:00,1305,1306.2,1304.1,1305.2,290
2013.08.06,04:30,1305.1,1305.2,1303.5,1304,217
2013.08.06,05:00,1304.1,1304.2,1298.3,1299.5,382
2013.08.06,05:30,1299.6,1300.4,1292,1292.2,666
2013.08.06,06:00,1292.1,1294.2,1289.5,1293,580
2013.08.06,06:30,1292.9,1295.1,1291.4,1294.3,331
2013.08.06,07:00,1294.4,1294.8,1292.4,1292.9,247
2013.08.06,07:30,1293,1293.5,1290.9,1293.2,443
2013.08.06,08:00,1293.3,1294.9,1291.8,1292,309
2013.08.06,08:30,1292.1,1292.2,1287.7,1289.3,630
2013.08.06,09:00,1289.2,1292.2,1289.1,1290.5,593
2013.08.06,09:30,1290.4,1292.5,1289.8,1291.8,454
2013.08.06,10:00,1291.7,1293,1290.4,1291.7,301
2013.08.06,10:30,1291.6,1295.7,1291.5,1293.6,352
2013.08.06,11:00,1293.7,1296.2,1289.9,1291.1,509
2013.08.06,11:30,1291,1292.3,1290.7,1291.4,297
2013.08.06,12:00,1291.5,1294.5,1291,1292.5,383
2013.08.06,12:30,1292.4,1297,1291.4,1295.9,428
2013.08.06,13:00,1296,1296,1291.7,1292.7,467
2013.08.06,13:30,1292.8,1295.4,1291.8,1294.7,391
2013.08.06,14:00,1294.8,1295.2,1290.9,1292.6,450
2013.08.06,14:30,1292.4,1293.1,1288.8,1289.3,491
2013.08.06,15:00,1289.2,1290,1284.6,1289.6,759
2013.08.06,15:30,1289.5,1291.6,1286.9,1288.9,823
2013.08.06,16:00,1288.8,1289,1286.1,1286.7,672
2013.08.06,16:30,1286.6,1287.7,1279,1281.8,1211
2013.08.06,17:00,1281.7,1285.2,1280.6,1283.9,971
2013.08.06,17:30,1283.8,1288,1282.4,1285.7,800
2013.08.06,18:00,1285.6,1288.9,1285.4,1286.3,590
2013.08.06,18:30,1286.4,1287.2,1285.7,1286.2,336
2013.08.06,19:00,1286.3,1286.5,1283.9,1285.2,379
2013.08.06,19:30,1285.1,1285.4,1281.9,1283.6,435
2013.08.06,20:00,1283.7,1284.8,1282.1,1283,397
2013.08.06,20:30,1282.9,1283.7,1281.6,1283.7,332
2013.08.06,21:00,1283.8,1284.3,1282.5,1282.7,195
2013.08.06,21:30,1282.6,1283.9,1282.4,1283.8,168
2013.08.06,22:00,1283.9,1285.2,1283.8,1284.6,183
2013.08.06,22:30,1284.7,1284.9,1282,1283.4,314
2013.08.06,23:00,1283.5,1284.6,1283.1,1283.1,129
2013.08.06,23:30,1283,1283.7,1282.3,1282.9,136
2013.08.07,00:00,1282.8,1283.1,1282.3,1282.4,72
2013.08.07,01:00,1281.7,1283,1281.4,1282.4,175
2013.08.07,01:30,1282.6,1283,1282.3,1282.5,58
2013.08.07,02:00,1282.6,1283.4,1282.4,1283,102
2013.08.07,02:30,1283.1,1283.2,1281.6,1283,150
2013.08.07,03:00,1282.9,1283,1274.6,1276.1,694
2013.08.07,03:30,1276,1278.4,1275.8,1277.7,340
2013.08.07,04:00,1277.9,1278,1273.4,1276.3,832
2013.08.07,04:30,1276.2,1277.5,1276.1,1276.9,246
2013.08.07,05:00,1277,1279.5,1275.9,1278.2,351
2013.08.07,05:30,1278.1,1278.3,1276.6,1277.3,281
2013.08.07,06:00,1277.2,1277.8,1276.9,1277.1,178
2013.08.07,06:30,1277,1278.3,1277,1278.2,127
2013.08.07,07:00,1278.1,1279.5,1277.8,1279.3,203
2013.08.07,07:30,1279.4,1280.5,1278.5,1279.6,206
2013.08.07,08:00,1279.2,1280.1,1277.6,1278,174
2013.08.07,08:30,1277.9,1280,1277.6,1279.9,322
2013.08.07,09:00,1280.2,1284.9,1280.1,1282.3,666
2013.08.07,09:30,1282.5,1283.7,1281.2,1281.8,369
2013.08.07,10:00,1282.1,1282.1,1279.2,1280.3,352
2013.08.07,10:30,1280.2,1280.6,1276.8,1278,489
2013.08.07,11:00,1277.9,1281.3,1277.6,1280.1,489
2013.08.07,11:30,1280,1280.5,1274,1275.6,547
2013.08.07,12:00,1276,1277.6,1272.8,1276.1,602
2013.08.07,12:30,1276,1278.7,1275.1,1277.7,531
2013.08.07,13:00,1278,1281.1,1277.5,1278.8,462
2013.08.07,13:30,1278.9,1279.1,1276.4,1277,387
2013.08.07,14:00,1276.9,1278.6,1276.3,1276.9,413
2013.08.07,14:30,1277,1279.8,1274.9,1277.8,466
2013.08.07,15:00,1277.7,1278.9,1275.5,1278.3,536
2013.08.07,15:30,1278.2,1281.3,1277.2,1279.9,474
2013.08.07,16:00,1279.8,1285,1279.4,1283.7,877
2013.08.07,16:30,1284,1286.7,1281.9,1283.3,922
2013.08.07,17:00,1283.2,1286.1,1282.1,1284.3,719
2013.08.07,17:30,1284.4,1285.5,1282.8,1284.7,501
2013.08.07,18:00,1284.8,1288.4,1284.4,1287.6,524
2013.08.07,18:30,1287.5,1289.6,1285.7,1287.7,458
2013.08.07,19:00,1287.6,1288.9,1284.5,1285,449
2013.08.07,19:30,1285.1,1286.4,1284.9,1285.8,215
2013.08.07,20:00,1285.9,1287,1284.8,1285.9,325
2013.08.07,20:30,1285.8,1287.4,1285.6,1286.5,256
2013.08.07,21:00,1286.6,1287.1,1286.6,1286.8,122
2013.08.07,21:30,1286.6,1287.2,1285.4,1287.2,147
2013.08.07,22:00,1287.3,1288.4,1286.9,1287.8,183
2013.08.07,22:30,1287.7,1287.7,1284.3,1285,184
2013.08.07,23:00,1284.9,1287.3,1284.9,1287.3,125
2013.08.07,23:30,1287.2,1287.9,1286.8,1286.9,135
2013.08.08,00:00,1287,1287.5,1286.7,1287.2,56
2013.08.08,01:00,1286.3,1286.8,1284.6,1285.9,179
2013.08.08,01:30,1285.8,1285.8,1284.9,1284.9,63
2013.08.08,02:00,1284.8,1284.9,1282.8,1284,122
2013.08.08,02:30,1284.1,1284.7,1284,1284.6,128
2013.08.08,03:00,1284.5,1285.6,1283.5,1285,364
2013.08.08,03:30,1285.2,1291.5,1285.1,1290.7,439
2013.08.08,04:00,1290.5,1293.5,1289.1,1290.6,767
2013.08.08,04:30,1290.7,1293.3,1289.8,1292.5,566
2013.08.08,05:00,1292.4,1295.1,1291.3,1292.1,370
2013.08.08,05:30,1292,1292.9,1291.5,1292.5,206
2013.08.08,06:00,1292.6,1295.7,1292.1,1294.1,518
2013.08.08,06:30,1294,1294.2,1292.4,1293.6,203
2013.08.08,07:00,1293.5,1294.1,1292.4,1293.7,189
2013.08.08,07:30,1293.5,1295.6,1293.3,1295.4,165
2013.08.08,08:00,1295.5,1295.5,1293.3,1293.4,181
2013.08.08,08:30,1293.5,1297.6,1293.5,1294.6,535
2013.08.08,09:00,1294.5,1294.5,1291.1,1291.7,449
2013.08.08,09:30,1291.8,1292.9,1290.9,1291.9,301
2013.08.08,10:00,1292.1,1295.1,1291.6,1292.3,450
2013.08.08,10:30,1292.4,1292.6,1288,1289.5,469
2013.08.08,11:00,1289.6,1290.6,1289.1,1290.2,349
2013.08.08,11:30,1290.1,1293.8,1288.9,1288.9,497
2013.08.08,12:00,1288.8,1289.9,1288.5,1289.1,305
2013.08.08,12:30,1289.2,1290.4,1287.9,1290.1,304
2013.08.08,13:00,1290,1291.6,1289,1291.3,199
2013.08.08,13:30,1291.2,1292,1289.4,1289.6,254
2013.08.08,14:00,1289.5,1290.9,1288.6,1289.3,279
2013.08.08,14:30,1289.2,1291.8,1287.9,1291.4,352
2013.08.08,15:00,1291.3,1293.5,1289.8,1291.5,413
2013.08.08,15:30,1289.5,1296.6,1288.6,1293.5,1022
2013.08.08,16:00,1293.4,1294,1291.5,1292,687
2013.08.08,16:30,1291.9,1298.4,1291.9,1297.8,731
2013.08.08,17:00,1297.7,1306.6,1296.9,1305.1,1445
2013.08.08,17:30,1305,1307.6,1303.6,1305.6,836
2013.08.08,18:00,1305.7,1311,1305.3,1309,1018
2013.08.08,18:30,1309.1,1314.1,1307.6,1312.7,749
2013.08.08,19:00,1312.8,1313.8,1310.8,1311.6,640
2013.08.08,19:30,1311.7,1312.7,1309.3,1310.4,519
2013.08.08,20:00,1310.5,1311.4,1309.5,1310.8,405
2013.08.08,20:30,1310.9,1310.9,1308.9,1309.8,275
2013.08.08,21:00,1309.9,1312.7,1309.8,1312.3,296
2013.08.08,21:30,1312.4,1313.7,1311.3,1313.6,261
2013.08.08,22:00,1313.5,1313.8,1310.5,1310.9,237
2013.08.08,22:30,1311,1313.7,1309.7,1312.8,235
2013.08.08,23:00,1312.9,1313.3,1312,1312.2,130
2013.08.08,23:30,1312.4,1313.7,1312.4,1313.3,113
2013.08.09,00:00,1313,1313.6,1312.8,1313.5,90
2013.08.09,01:00,1312.1,1313.2,1311.6,1313.2,207
2013.08.09,01:30,1313.3,1314,1313,1314,102
2013.08.09,02:00,1313.9,1314.6,1312.4,1313,222
2013.08.09,02:30,1313.1,1313.6,1312.1,1313,175
2013.08.09,03:00,1313.1,1314,1311.7,1313.4,289
2013.08.09,03:30,1313.3,1314.6,1312.4,1313,264
2013.08.09,04:00,1313.1,1317,1312.6,1315,634
2013.08.09,04:30,1315.1,1315.5,1313.4,1315.1,360
2013.08.09,05:00,1315.2,1315.2,1313.7,1314.9,142
2013.08.09,05:30,1314.8,1314.8,1313.7,1314.5,245
2013.08.09,06:00,1314.4,1314.5,1312.2,1312.9,248
2013.08.09,06:30,1312.8,1312.8,1311.4,1312.1,134
2013.08.09,07:00,1312,1312.3,1309.8,1310.6,168
2013.08.09,07:30,1310.7,1311.5,1310.1,1311.1,112
2013.08.09,08:00,1311,1312.1,1310.1,1311.9,145
2013.08.09,08:30,1311.8,1312.9,1307,1308.5,568
2013.08.09,09:00,1308.4,1310.4,1306.9,1309.8,414
2013.08.09,09:30,1309.9,1310.1,1307.2,1309.8,503
2013.08.09,10:00,1309.6,1312.2,1307.8,1309.7,346
2013.08.09,10:30,1309.6,1311,1308.8,1309.8,255
2013.08.09,11:00,1309.6,1310.6,1309.1,1309.4,272
2013.08.09,11:30,1309.2,1309.8,1308.3,1308.8,193
2013.08.09,12:00,1308.7,1309.7,1305,1305.7,392
2013.08.09,12:30,1305.6,1313.2,1305.3,1311.2,614
2013.08.09,13:00,1311.1,1314,1309.9,1311.9,446
2013.08.09,13:30,1311.7,1312.8,1310.3,1311.5,232
2013.08.09,14:00,1311.4,1311.7,1309.1,1310,258
2013.08.09,14:30,1309.9,1310.4,1307.9,1309.6,324
2013.08.09,15:00,1309.5,1311.9,1308.6,1309.5,491
2013.08.09,15:30,1309.2,1313.1,1308.5,1308.6,558
2013.08.09,16:00,1308.5,1310.9,1307.4,1309.1,575
2013.08.09,16:30,1309,1310.3,1307.5,1308.9,812
2013.08.09,17:00,1308.8,1311.9,1307.9,1308.9,941
2013.08.09,17:30,1308.8,1310.9,1308.5,1310,618
2013.08.09,18:00,1309.9,1317.4,1309.7,1314.5,883
2013.08.09,18:30,1314.4,1315.7,1313.4,1313.6,535
2013.08.09,19:00,1313.7,1315.9,1313.4,1314.5,352
2013.08.09,19:30,1314.4,1314.8,1311.8,1312.8,408
2013.08.09,20:00,1312.7,1313.3,1310,1312.6,492
2013.08.09,20:30,1312.7,1312.7,1310.8,1311.5,208
2013.08.09,21:00,1311.6,1312.5,1311,1311.7,189
2013.08.09,21:30,1311.6,1313.4,1311.5,1313.1,130
2013.08.09,22:00,1313,1315.1,1312.8,1314.8,172
2013.08.09,22:30,1315,1315.3,1312.7,1312.7,247
2013.08.09,23:00,1313.1,1314.5,1312.9,1314,63
2013.08.09,23:30,1314.1,1314.7,1313.6,1314.3,103
2013.08.12,01:00,1315.7,1319.9,1314.9,1319.3,460
2013.08.12,01:30,1319.4,1333.6,1319.4,1329.5,768
2013.08.12,02:00,1329.7,1330.1,1327.6,1329.9,392
2013.08.12,02:30,1330,1330.3,1327.5,1329.3,321
2013.08.12,03:00,1329.2,1330.5,1329,1329.8,336
2013.08.12,03:30,1329.9,1329.9,1325.9,1325.9,328
2013.08.12,04:00,1325.8,1332.4,1324.9,1329,1000
2013.08.12,04:30,1329.1,1333.5,1327.4,1331.2,703
2013.08.12,05:00,1331.3,1332.6,1329.3,1330.1,555
2013.08.12,05:30,1330,1330.8,1327.4,1330.6,593
2013.08.12,06:00,1330.7,1331,1328.8,1329.8,351
2013.08.12,06:30,1329.7,1330.2,1328.4,1328.9,188
2013.08.12,07:00,1329.1,1330.6,1328.9,1329.7,203
2013.08.12,07:30,1329.6,1330.3,1329.2,1329.4,195
2013.08.12,08:00,1329.5,1330.1,1328.8,1329.7,158
2013.08.12,08:30,1329.8,1333,1329.2,1332,710
2013.08.12,09:00,1331.9,1332.3,1328.7,1330.4,636
2013.08.12,09:30,1330.5,1333.4,1329.2,1331.2,549
2013.08.12,10:00,1331.3,1332.8,1330,1331,510
2013.08.12,10:30,1330.9,1331.2,1328.2,1329,519
2013.08.12,11:00,1328.9,1329.7,1327,1327.9,419
2013.08.12,11:30,1328,1328.2,1326,1326.9,342
2013.08.12,12:00,1326.8,1328.3,1326,1326.1,295
2013.08.12,12:30,1326.2,1328.6,1325.7,1327.4,323
2013.08.12,13:00,1327.3,1327.5,1325.5,1326.5,321
2013.08.12,13:30,1326.6,1327.6,1324.6,1324.7,257
2013.08.12,14:00,1324.2,1324.8,1322.6,1324.1,618
2013.08.12,14:30,1323.9,1326.8,1323.4,1326.1,446
2013.08.12,15:00,1326.2,1331.1,1325.9,1329.2,600
2013.08.12,15:30,1329.3,1330.4,1328.6,1329.4,468
2013.08.12,16:00,1329.5,1343.8,1329.5,1341.2,1333
2013.08.12,16:30,1341.1,1342.2,1338.7,1339.3,836
2013.08.12,17:00,1339.4,1341.3,1339.3,1340.1,552
2013.08.12,17:30,1340.2,1341.7,1339.6,1340.7,473
2013.08.12,18:00,1340.8,1341.9,1338.8,1339.8,455
2013.08.12,18:30,1339.9,1340.7,1336.8,1337.6,487
2013.08.12,19:00,1337.5,1338.3,1335,1336.2,347
2013.08.12,19:30,1336.1,1338.3,1335.8,1336.9,405
2013.08.12,20:00,1336.8,1337,1334.5,1334.9,256
2013.08.12,20:30,1335,1335.3,1334.1,1334.8,179
2013.08.12,21:00,1334.7,1337.4,1334.3,1337.1,255
2013.08.12,21:30,1337.3,1337.3,1335.4,1335.9,146
2013.08.12,22:00,1335.8,1337.5,1335.3,1337.1,177
2013.08.12,22:30,1337,1337,1334.6,1335.6,277
2013.08.12,23:00,1335.7,1336.5,1335.3,1335.6,192
2013.08.12,23:30,1335.7,1338.7,1335.6,1337.5,144
2013.08.13,00:00,1337.3,1337.6,1336,1336.7,132
2013.08.13,01:00,1335.9,1338.5,1335.1,1335.6,303
2013.08.13,01:30,1335.7,1337.1,1335.3,1336.2,142
2013.08.13,02:00,1336.1,1336.3,1333.6,1334.3,108
2013.08.13,02:30,1334.2,1335.1,1331.1,1331.6,271
2013.08.13,03:00,1331.7,1333.1,1330.6,1332.6,365
2013.08.13,03:30,1332.7,1336.3,1332.5,1334.9,343
2013.08.13,04:00,1335,1335.6,1331.8,1332.1,519
2013.08.13,04:30,1332,1333.5,1330.2,1333.1,534
2013.08.13,05:00,1333.2,1334.9,1332.6,1334.1,317
2013.08.13,05:30,1334,1334.8,1332.8,1333,290
2013.08.13,06:00,1332.9,1334.9,1332.6,1334.5,319
2013.08.13,06:30,1334.6,1336.4,1334.1,1336.2,165
2013.08.13,07:00,1336.3,1336.9,1334.5,1334.7,199
2013.08.13,07:30,1334.6,1336.5,1334.3,1335.8,299
2013.08.13,08:00,1335.6,1336.1,1333.6,1334.2,233
2013.08.13,08:30,1334.1,1334.1,1332.6,1334,407
2013.08.13,09:00,1334.1,1337,1333.5,1336,651
2013.08.13,09:30,1336.2,1341.1,1335.3,1338.6,1176
2013.08.13,10:00,1338.7,1339.7,1336.8,1337.2,560
2013.08.13,10:30,1337.1,1338.8,1334.7,1337.3,643
2013.08.13,11:00,1337.1,1337.5,1334.8,1336.5,589
2013.08.13,11:30,1336.6,1337.3,1335.4,1335.7,536
2013.08.13,12:00,1335.8,1336.2,1333,1334.4,601
2013.08.13,12:30,1334.3,1335.4,1331.2,1331.6,404
2013.08.13,13:00,1331.7,1333.8,1326.6,1328.1,593
2013.08.13,13:30,1327.9,1328.5,1326.3,1327.8,545
2013.08.13,14:00,1327.7,1330.5,1323.8,1325.4,640
2013.08.13,14:30,1325.3,1328.3,1325.1,1326.9,496
2013.08.13,15:00,1326.8,1334,1325.7,1333.7,678
2013.08.13,15:30,1334,1335,1324.7,1331.8,1507
2013.08.13,16:00,1331.7,1335.5,1328.7,1330.1,1007
2013.08.13,16:30,1329.9,1330.4,1325,1328.4,1067
2013.08.13,17:00,1328.3,1331.7,1327.6,1329.6,895
2013.08.13,17:30,1329.5,1329.8,1326.2,1326.7,789
2013.08.13,18:00,1326.8,1327.7,1321.2,1321.8,931
2013.08.13,18:30,1321.7,1322.7,1318.4,1321.6,773
2013.08.13,19:00,1321.7,1322.2,1320,1321.5,479
2013.08.13,19:30,1321.1,1322.4,1319.4,1321.2,511
2013.08.13,20:00,1321.3,1322,1319.5,1321.2,515
2013.08.13,20:30,1321.1,1322.7,1320.9,1321.8,395
2013.08.13,21:00,1321.9,1323.4,1321.7,1323,291
2013.08.13,21:30,1323.1,1323.1,1321.7,1322.7,171
2013.08.13,22:00,1322.8,1323.8,1322.2,1322.5,158
2013.08.13,22:30,1322.4,1323.1,1320.5,1322,273
2013.08.13,23:00,1322.3,1322.7,1321.6,1321.8,99
2013.08.13,23:30,1321.7,1322.2,1321.1,1321.6,116
2013.08.14,00:00,1321.5,1322.1,1321.1,1321.3,69
2013.08.14,01:00,1321.1,1322.1,1320.5,1320.8,268
2013.08.14,01:30,1320.7,1322.8,1320.7,1322.7,119
2013.08.14,02:00,1322.6,1322.9,1320.4,1321.3,270
2013.08.14,02:30,1321.4,1322,1320.8,1321,98
2013.08.14,03:00,1320.9,1322.6,1320.3,1321.6,169
2013.08.14,03:30,1321.7,1321.7,1317.6,1320.8,468
2013.08.14,04:00,1320.7,1320.7,1315.8,1318.1,711
2013.08.14,04:30,1318.2,1323.9,1318.1,1322.7,826
2013.08.14,05:00,1322.6,1324.5,1321.8,1322.9,366
2013.08.14,05:30,1322.8,1323.5,1321.4,1321.5,297
2013.08.14,06:00,1321.4,1325.5,1320.6,1323.2,373
2013.08.14,06:30,1323.3,1323.8,1322.5,1322.6,152
2013.08.14,07:00,1322.5,1322.7,1321.7,1322.6,129
2013.08.14,07:30,1322.7,1322.7,1320.8,1321.1,204
2013.08.14,08:00,1321,1321.4,1318.7,1320.1,231
2013.08.14,08:30,1320.2,1322.2,1319.3,1320.7,624
2013.08.14,09:00,1320.6,1322,1318.6,1319.7,609
2013.08.14,09:30,1319.6,1321.3,1318.6,1319,591
2013.08.14,10:00,1319.1,1322.6,1318.9,1321.8,368
2013.08.14,10:30,1321.7,1322.7,1320.2,1321.5,357
2013.08.14,11:00,1321.6,1325,1321.1,1323.3,423
2013.08.14,11:30,1323.4,1324.7,1322.7,1324.4,355
2013.08.14,12:00,1324.7,1327.1,1323.2,1323.7,531
2013.08.14,12:30,1323.5,1324.3,1322.3,1324.3,338
2013.08.14,13:00,1324.4,1325.6,1323.7,1324.4,312
2013.08.14,13:30,1324.5,1326.6,1324.3,1324.8,361
2013.08.14,14:00,1324.9,1325.6,1324.2,1325.4,275
2013.08.14,14:30,1325.5,1326.7,1323,1323.9,365
2013.08.14,15:00,1324,1325.6,1322.1,1324.5,514
2013.08.14,15:30,1324.6,1327.5,1320.8,1323,790
2013.08.14,16:00,1322.9,1323.3,1319,1321.2,778
2013.08.14,16:30,1321.3,1328,1320.6,1326.1,876
2013.08.14,17:00,1326.3,1333.8,1325.8,1333.6,1043
2013.08.14,17:30,1333.5,1334.4,1331.2,1332.2,856
2013.08.14,18:00,1332.3,1333.2,1330,1331,689
2013.08.14,18:30,1331.1,1334.3,1330.7,1333.4,538
2013.08.14,19:00,1333.3,1333.8,1331.6,1333.2,371
2013.08.14,19:30,1333.1,1335.2,1332.4,1333.4,492
2013.08.14,20:00,1333.5,1335,1332.4,1333.5,536
2013.08.14,20:30,1333.6,1334,1332.2,1333,357
2013.08.14,21:00,1333.1,1333.8,1332.5,1333,211
2013.08.14,21:30,1332.8,1334.8,1332.4,1334.8,223
2013.08.14,22:00,1334.7,1336,1334.6,1334.9,304
2013.08.14,22:30,1334.8,1335.6,1334.6,1334.9,234
2013.08.14,23:00,1335,1335.5,1334.6,1335.2,95
2013.08.14,23:30,1335.3,1336.1,1335.1,1335.8,159
2013.08.15,00:00,1335.5,1336.4,1335.3,1335.8,86
2013.08.15,01:00,1336,1338.5,1335.2,1337.5,272
2013.08.15,01:30,1337.6,1339.3,1336.7,1338.1,251
2013.08.15,02:00,1338,1339.9,1337.3,1339.7,193
2013.08.15,02:30,1339.8,1346.4,1339.5,1342.3,534
2013.08.15,03:00,1342.2,1343.3,1337.9,1339.2,429
2013.08.15,03:30,1339.1,1342,1339.1,1340.5,329
2013.08.15,04:00,1340.3,1343.6,1340,1341,808
2013.08.15,04:30,1340.9,1342,1340,1341.5,420
2013.08.15,05:00,1341.4,1345.1,1341.3,1343.6,695
2013.08.15,05:30,1343.7,1343.8,1337.6,1340.2,755
2013.08.15,06:00,1340.1,1341,1339.3,1340.4,341
2013.08.15,06:30,1340,1340.4,1339.2,1339.4,140
2013.08.15,07:00,1339.3,1340.1,1339,1339.7,154
2013.08.15,07:30,1339.8,1339.8,1338.7,1339.3,96
2013.08.15,08:00,1339.4,1340.7,1339,1339.8,191
2013.08.15,08:30,1339.9,1339.9,1336.6,1339.1,447
2013.08.15,09:00,1338.9,1342.3,1338.3,1341.7,458
2013.08.15,09:30,1341.6,1342.3,1340.2,1341.5,504
2013.08.15,10:00,1341.6,1341.7,1336.9,1337.6,360
2013.08.15,10:30,1337.4,1339.5,1336.1,1338.9,341
2013.08.15,11:00,1339.1,1340.3,1338.3,1338.6,279
2013.08.15,11:30,1338.7,1342,1338.6,1339,356
2013.08.15,12:00,1338.9,1340,1337.6,1338.9,360
2013.08.15,12:30,1338.6,1340.1,1337.9,1338.3,325
2013.08.15,13:00,1338.2,1339.6,1337.3,1338.1,337
2013.08.15,13:30,1338.2,1338.4,1336.3,1336.3,344
2013.08.15,14:00,1336.4,1338.7,1333.9,1337.9,459
2013.08.15,14:30,1338,1338.4,1334.9,1336.1,524
2013.08.15,15:00,1335.8,1336.5,1332.5,1333.4,644
2013.08.15,15:30,1333.3,1333.3,1318.9,1323.2,1793
2013.08.15,16:00,1322.9,1326.1,1321.5,1325.3,1105
2013.08.15,16:30,1325.5,1328,1324.8,1326.9,966
2013.08.15,17:00,1327.3,1329.9,1326.2,1327.7,1070
2013.08.15,17:30,1327.6,1327.7,1324.8,1326.8,735
2013.08.15,18:00,1326.6,1331.6,1326.2,1329.7,675
2013.08.15,18:30,1329.6,1341.3,1329,1338.8,1001
2013.08.15,19:00,1338.7,1341.1,1337.4,1339.2,919
2013.08.15,19:30,1339.3,1362.9,1338.3,1358.5,1484
2013.08.15,20:00,1358.4,1368.6,1358.2,1360.4,2416
2013.08.15,20:30,1360.1,1363.9,1359.9,1363.3,1165
2013.08.15,21:00,1363.2,1370.1,1362.5,1364.3,1531
2013.08.15,21:30,1364.5,1366.2,1361.6,1365.8,627
2013.08.15,22:00,1366,1368.1,1363,1363.9,554
2013.08.15,22:30,1363.8,1366.1,1362.1,1363.1,529
2013.08.15,23:00,1363.2,1364.4,1362.8,1363.9,177
2013.08.15,23:30,1364,1366,1364,1365.7,171
2013.08.16,00:00,1365.6,1366.1,1365.1,1365.9,46
2013.08.16,01:00,1366.4,1366.6,1364,1365.6,334
2013.08.16,01:30,1365.8,1366.4,1364.6,1365.2,148
2013.08.16,02:00,1365,1365,1363.5,1363.6,105
2013.08.16,02:30,1363.7,1363.9,1360.9,1363.5,317
2013.08.16,03:00,1363.6,1364.9,1361,1361.4,383
2013.08.16,03:30,1361.2,1364.4,1361.1,1364.4,296
2013.08.16,04:00,1364.5,1372.5,1363.8,1371.7,1061
2013.08.16,04:30,1371.8,1372,1364.8,1367.5,1081
2013.08.16,05:00,1367.8,1369.6,1366.9,1368.3,406
2013.08.16,05:30,1368.2,1370.4,1364.6,1365.8,607
2013.08.16,06:00,1365.9,1367.2,1363.8,1364.9,702
2013.08.16,06:30,1365,1366,1363.4,1364.9,308
2013.08.16,07:00,1365.1,1365.6,1363.8,1365.5,216
2013.08.16,07:30,1365.4,1367.7,1365.2,1366.6,362
2013.08.16,08:00,1366.8,1367.4,1366,1366.2,268
2013.08.16,08:30,1366.3,1367.8,1363,1363.9,729
2013.08.16,09:00,1363.8,1365.4,1361.1,1362.6,725
2013.08.16,09:30,1362.7,1364.5,1360.6,1360.9,846
2013.08.16,10:00,1361.1,1364.4,1361,1364.1,478
2013.08.16,10:30,1364.2,1365.1,1362,1363.3,319
2013.08.16,11:00,1363.2,1364.5,1361.9,1362.9,365
2013.08.16,11:30,1362.8,1364.2,1361.4,1361.6,387
2013.08.16,12:00,1361.5,1363,1360.6,1360.8,401
2013.08.16,12:30,1360.7,1363.9,1357.4,1362.6,544
2013.08.16,13:00,1362.7,1363.1,1361.7,1362.4,199
2013.08.16,13:30,1362.3,1363.5,1361.8,1363.3,229
2013.08.16,14:00,1363.4,1366.7,1363.2,1363.3,371
2013.08.16,14:30,1363.2,1365.6,1363.1,1364.1,334
2013.08.16,15:00,1364,1367,1363.3,1365.3,608
2013.08.16,15:30,1365.4,1368.8,1364.2,1364.6,940
2013.08.16,16:00,1364.7,1374.6,1364.7,1372.1,1149
2013.08.16,16:30,1372.2,1372.7,1360,1365.8,1789
2013.08.16,17:00,1365.5,1368.9,1364.6,1365.5,1416
2013.08.16,17:30,1365.4,1368.7,1362.9,1366.8,982
2013.08.16,18:00,1366.7,1368.8,1365.5,1367.1,680
2013.08.16,18:30,1367,1369.9,1366.3,1368,726
2013.08.16,19:00,1368.1,1368.9,1363.7,1364.5,660
2013.08.16,19:30,1364.4,1367.7,1364,1366.9,546
2013.08.16,20:00,1366.8,1371.9,1366.1,1371.7,686
2013.08.16,20:30,1371.8,1375.4,1369.9,1374.3,643
2013.08.16,21:00,1374.4,1379.7,1373.4,1376.8,799
2013.08.16,21:30,1376.7,1379.1,1375.6,1377.3,508
2013.08.16,22:00,1377.4,1377.9,1371.4,1371.8,437
2013.08.16,22:30,1371.9,1375.2,1371.1,1372.9,481
2013.08.16,23:00,1373,1375.2,1372.6,1374.3,193
2013.08.16,23:30,1374.2,1376.9,1374,1376.4,174
2013.08.19,01:00,1379.3,1381,1376.6,1378.3,575
2013.08.19,01:30,1378.4,1378.8,1376.1,1376.3,247
2013.08.19,02:00,1376.2,1377.8,1375.2,1377.4,126
2013.08.19,02:30,1377.3,1378.2,1376.5,1376.8,141
2013.08.19,03:00,1376.9,1378.1,1375.5,1377.3,310
2013.08.19,03:30,1377.4,1377.5,1375.9,1376.6,186
2013.08.19,04:00,1376.7,1378.3,1376.1,1377.3,578
2013.08.19,04:30,1377.2,1384.4,1376.7,1382,798
2013.08.19,05:00,1382.1,1382.7,1380.8,1381.6,452
2013.08.19,05:30,1381.7,1382.3,1380.8,1381.5,363
2013.08.19,06:00,1381.4,1382.4,1379.2,1382,479
2013.08.19,06:30,1382.1,1382.2,1380.2,1380.6,200
2013.08.19,07:00,1380.8,1381.6,1380.2,1380.5,137
2013.08.19,07:30,1380.6,1380.8,1378.6,1378.9,263
2013.08.19,08:00,1378.8,1380,1378.1,1379.7,224
2013.08.19,08:30,1379.8,1381.4,1379.2,1379.2,413
2013.08.19,09:00,1379.3,1379.6,1372.5,1375.9,1049
2013.08.19,09:30,1376,1376.3,1372.1,1374.8,793
2013.08.19,10:00,1375,1375,1372.5,1373.2,383
2013.08.19,10:30,1373.1,1374.7,1371.8,1374.3,364
2013.08.19,11:00,1374.6,1374.7,1373.4,1374.1,305
2013.08.19,11:30,1374,1374,1372.6,1372.9,281
2013.08.19,12:00,1373.1,1378,1373.1,1376,388
2013.08.19,12:30,1376.1,1377.9,1375,1376.6,320
2013.08.19,13:00,1376.5,1377,1374.8,1375.2,294
2013.08.19,13:30,1375.3,1375.6,1370.8,1372.2,428
2013.08.19,14:00,1371.9,1375.3,1371.8,1373.1,549
2013.08.19,14:30,1373,1374.7,1372.2,1372.7,466
2013.08.19,15:00,1372.9,1375.9,1371.8,1371.8,533
2013.08.19,15:30,1372,1373.5,1371,1371.6,617
2013.08.19,16:00,1371.4,1372.5,1367,1370.2,964
2013.08.19,16:30,1370,1371.6,1367.5,1367.9,844
2013.08.19,17:00,1367.8,1367.8,1363.7,1365.9,1020
2013.08.19,17:30,1365.8,1368.5,1365.1,1366.8,701
2013.08.19,18:00,1366.7,1368.1,1365.2,1365.5,536
2013.08.19,18:30,1365.6,1365.8,1362.2,1364.5,772
2013.08.19,19:00,1364.4,1365.7,1363.6,1365.3,411
2013.08.19,19:30,1365.2,1365.7,1364.1,1364.2,338
2013.08.19,20:00,1364.1,1366.4,1363.5,1366.4,481
2013.08.19,20:30,1366.5,1366.9,1365.2,1365.7,307
2013.08.19,21:00,1365.8,1366,1364.7,1365.6,232
2013.08.19,21:30,1365.5,1367.6,1365.2,1366.6,155
2013.08.19,22:00,1366.8,1367.3,1365.7,1366.7,162
2013.08.19,22:30,1366.8,1368.2,1366,1366.4,231
2013.08.19,23:00,1366.3,1367.4,1365.5,1365.5,107
2013.08.19,23:30,1365.6,1365.9,1365.4,1365.6,62
2013.08.20,00:00,1365.5,1366,1364.9,1365.3,46
2013.08.20,01:00,1367.9,1368,1364.9,1365.1,138
2013.08.20,01:30,1365.2,1365.5,1365,1365.4,65
2013.08.20,02:00,1365.5,1365.5,1365.2,1365.3,47
2013.08.20,02:30,1365.4,1367.6,1365,1367.4,111
2013.08.20,03:00,1367.3,1369.5,1367,1369.3,219
2013.08.20,03:30,1369.4,1369.4,1367.1,1367.9,232
2013.08.20,04:00,1367.7,1369.2,1363.6,1368.6,633
2013.08.20,04:30,1368.7,1369.8,1367,1367.9,407
2013.08.20,05:00,1367.8,1368.1,1365.5,1367.3,301
2013.08.20,05:30,1367.2,1367.8,1365.5,1366.9,357
2013.08.20,06:00,1366.8,1367.4,1364.4,1364.8,358
2013.08.20,06:30,1364.9,1364.9,1363,1363.6,255
2013.08.20,07:00,1363.7,1364,1361.1,1362.1,199
2013.08.20,07:30,1362,1363.3,1361,1362.3,319
2013.08.20,08:00,1362.4,1364.3,1361.9,1363.7,415
2013.08.20,08:30,1363.8,1364.3,1354.1,1357.6,1407
2013.08.20,09:00,1357.5,1359.8,1356.2,1356.8,933
2013.08.20,09:30,1356.7,1357.7,1352.4,1357.2,980
2013.08.20,10:00,1357,1359.2,1356.8,1358.2,450
2013.08.20,10:30,1358.1,1360.1,1358.1,1359.1,396
2013.08.20,11:00,1358.9,1362.9,1358.5,1360.9,556
2013.08.20,11:30,1361,1362.5,1359.4,1361.2,583
2013.08.20,12:00,1361.1,1367.6,1360.8,1365.4,464
2013.08.20,12:30,1365.5,1366.3,1364.6,1365.5,362
2013.08.20,13:00,1365.6,1368,1363.9,1366.1,516
2013.08.20,13:30,1366.2,1367.7,1364,1365.1,312
2013.08.20,14:00,1365.4,1366.6,1363.3,1364.6,365
2013.08.20,14:30,1364.8,1366.9,1363.7,1366.3,420
2013.08.20,15:00,1366.5,1373.2,1363.7,1370.5,791
2013.08.20,15:30,1370.6,1370.8,1366.5,1367.1,873
2013.08.20,16:00,1367,1367.6,1364.5,1366.8,936
2013.08.20,16:30,1366.9,1371.8,1366.6,1370.3,1035
2013.08.20,17:00,1370.4,1377.5,1370.3,1374.4,1134
2013.08.20,17:30,1374.5,1376.3,1373.8,1375.1,557
2013.08.20,18:00,1375,1376.1,1371.6,1373,633
2013.08.20,18:30,1373.1,1374.5,1372,1374.2,464
2013.08.20,19:00,1374.3,1374.3,1372,1372.8,334
2013.08.20,19:30,1372.7,1374.5,1372.4,1374.1,333
2013.08.20,20:00,1374.2,1375.5,1371,1372.4,476
2013.08.20,20:30,1372.5,1373.5,1371.9,1372.4,275
2013.08.20,21:00,1372.5,1372.7,1371.1,1372.3,193
2013.08.20,21:30,1372.2,1373.6,1372.2,1373.2,125
2013.08.20,22:00,1373.1,1373.5,1372.4,1372.7,150
2013.08.20,22:30,1372.6,1372.6,1371.1,1371.5,179
2013.08.20,23:00,1371.6,1371.7,1370.8,1371.2,67
2013.08.20,23:30,1371.4,1371.8,1371.1,1371.3,68
2013.08.21,00:00,1371.4,1371.8,1370.8,1371.2,60
2013.08.21,01:00,1371.3,1371.3,1367.4,1369,198
2013.08.21,01:30,1368.8,1369.3,1367.7,1369.1,66
2013.08.21,02:00,1369,1369.3,1367.5,1367.7,73
2013.08.21,02:30,1367.8,1369.1,1367.8,1368.4,89
2013.08.21,03:00,1368.5,1371.4,1368.2,1368.2,240
2013.08.21,03:30,1368.1,1369.9,1367.9,1368.6,191
2013.08.21,04:00,1368.7,1373.5,1367.3,1373.2,732
2013.08.21,04:30,1373.1,1373.1,1371.6,1372.6,379
2013.08.21,05:00,1372.5,1374.1,1370.7,1371.4,363
2013.08.21,05:30,1371.5,1373,1370.6,1371.9,338
2013.08.21,06:00,1372,1373.3,1370.8,1371.3,329
2013.08.21,06:30,1371.2,1371.4,1369.8,1370.7,313
2013.08.21,07:00,1370.6,1372.1,1370.4,1370.9,208
2013.08.21,07:30,1370.8,1370.8,1367.7,1367.9,299
2013.08.21,08:00,1368,1369.6,1367.8,1368.5,241
2013.08.21,08:30,1368.6,1369.4,1365.7,1368.4,904
2013.08.21,09:00,1368.3,1368.3,1365.8,1366.8,534
2013.08.21,09:30,1366.7,1368.9,1366.7,1367.7,475
2013.08.21,10:00,1367.6,1367.8,1363.9,1363.9,436
2013.08.21,10:30,1364,1365,1361.4,1362.1,500
2013.08.21,11:00,1362.2,1364.1,1361.8,1363.5,393
2013.08.21,11:30,1363.3,1364,1360.5,1360.7,416
2013.08.21,12:00,1360.5,1362.5,1359.6,1361.5,383
2013.08.21,12:30,1361.4,1363.9,1359.8,1363.8,424
2013.08.21,13:00,1363.7,1363.9,1362.4,1363.6,269
2013.08.21,13:30,1363.7,1366.2,1363.4,1364.7,540
2013.08.21,14:00,1364.9,1367.7,1363.7,1367.2,387
2013.08.21,14:30,1367.3,1368,1365.5,1366.5,457
2013.08.21,15:00,1366.6,1367.3,1365.2,1366.5,417
2013.08.21,15:30,1366.4,1367.1,1365.2,1365.9,394
2013.08.21,16:00,1366,1366.9,1362.4,1363.8,681
2013.08.21,16:30,1363.7,1365.6,1361.5,1363.6,752
2013.08.21,17:00,1362.9,1364.3,1361.5,1363.3,887
2013.08.21,17:30,1363.4,1370.8,1362.6,1368.1,776
2013.08.21,18:00,1368.2,1371.5,1366.7,1367.6,698
2013.08.21,18:30,1367.5,1369.9,1367.3,1368.5,491
2013.08.21,19:00,1368.4,1370.9,1367.7,1368.9,429
2013.08.21,19:30,1368.8,1370.4,1368.4,1369.8,382
2013.08.21,20:00,1369.7,1372.9,1368.6,1370.7,685
2013.08.21,20:30,1370.8,1373.1,1370,1372.7,507
2013.08.21,21:00,1372.8,1372.9,1362.5,1368.4,2286
2013.08.21,21:30,1368.5,1379.3,1368.5,1373.1,1415
2013.08.21,22:00,1373,1373.2,1369.2,1371.8,632
2013.08.21,22:30,1371.9,1372.3,1367.2,1367.6,514
2013.08.21,23:00,1367.7,1368.8,1364.4,1366.3,413
2013.08.21,23:30,1366.2,1366.6,1366.2,1366.3,169
2013.08.22,00:00,1366.1,1366.8,1364.5,1366.3,85
2013.08.22,01:00,1366.1,1367.5,1364.3,1364.3,203
2013.08.22,01:30,1364.2,1364.9,1355.3,1357.5,399
2013.08.22,02:00,1357.6,1359.7,1355.7,1355.7,388
2013.08.22,02:30,1355.8,1358.9,1355,1358.5,359
2013.08.22,03:00,1358.6,1359.1,1356.6,1357.4,400
2013.08.22,03:30,1357.5,1361.2,1357.3,1360.4,363
2013.08.22,04:00,1360.5,1362.3,1358.5,1361.5,622
2013.08.22,04:30,1361.6,1368.3,1360.8,1365.9,659
2013.08.22,05:00,1366,1366.2,1363,1363.3,424
2013.08.22,05:30,1363.2,1364.7,1362.6,1364,324
2013.08.22,06:00,1364.1,1365.7,1362.4,1363.1,326
2013.08.22,06:30,1363,1363.2,1360.7,1360.7,185
2013.08.22,07:00,1360.9,1361.2,1358.9,1360.6,200
2013.08.22,07:30,1360.5,1361.8,1359.7,1360.9,217
2013.08.22,08:00,1360.8,1362.6,1360.8,1362,156
2013.08.22,08:30,1362.1,1363.7,1362.1,1362.7,343
2013.08.22,09:00,1362.8,1363.3,1361,1363.3,376
2013.08.22,09:30,1363.4,1365.2,1362.3,1364.1,449
2013.08.22,10:00,1364,1364.4,1362.2,1364.1,404
2013.08.22,10:30,1364.2,1365.7,1363.5,1365.1,419
2013.08.22,11:00,1365,1374.2,1364.1,1372,1013
2013.08.22,11:30,1372.5,1372.7,1370.4,1370.7,492
2013.08.22,12:00,1370.8,1372,1368.8,1371.2,421
2013.08.22,12:30,1371.1,1371.5,1366.2,1367,504
2013.08.22,13:00,1367.1,1368.4,1365,1366.5,433
2013.08.22,13:30,1366.4,1368.1,1365.7,1367.6,282
2013.08.22,14:00,1367.7,1369.9,1367.4,1369,334
2013.08.22,14:30,1368.9,1369.3,1367.6,1368.4,451
2013.08.22,15:00,1368.3,1372.2,1367.7,1367.8,931
2013.08.22,15:30,1368.5,1376.7,1366.8,1375.5,1264
2013.08.22,16:00,1375.4,1376.3,1371.6,1372.1,830
2013.08.22,16:30,1372,1375.5,1371.9,1374.8,787
2013.08.22,17:00,1374.9,1381.6,1374.5,1378.2,1224
2013.08.22,17:30,1378,1378.2,1373.6,1375.5,842
2013.08.22,18:00,1375.6,1378,1370.5,1373,981
2013.08.22,18:30,1373.1,1374,1371.8,1373.1,548
2013.08.22,19:00,1373,1374.6,1372.2,1373,358
2013.08.22,19:30,1373.1,1373.4,1370.7,1371.7,546
2013.08.22,20:00,1371.8,1372.4,1369.5,1371.3,545
2013.08.22,20:30,1371.2,1373,1371.2,1372.3,336
2013.08.22,21:00,1372.2,1373.3,1371.3,1371.8,262
2013.08.22,21:30,1371.9,1373.1,1371.5,1373.1,195
2013.08.22,22:00,1373,1377,1372.8,1374.8,309
2013.08.22,22:30,1374.9,1375.9,1374.5,1374.7,279
2013.08.22,23:00,1374.6,1375.3,1374.4,1375.1,117
2013.08.22,23:30,1374.9,1375.9,1374.5,1375.7,72
2013.08.23,00:00,1375.8,1376.2,1375.3,1375.7,80
2013.08.23,01:00,1376,1377.3,1375.9,1377,148
2013.08.23,01:30,1376.9,1378.7,1376.9,1378.3,126
2013.08.23,02:00,1378.5,1379.2,1376.2,1376.3,180
2013.08.23,02:30,1376.4,1377,1374.8,1375,130
2013.08.23,03:00,1375.1,1376.1,1371.9,1373.7,363
2013.08.23,03:30,1373.6,1375.2,1372.5,1374.8,210
2013.08.23,04:00,1374.7,1375.9,1373.7,1374.5,512
2013.08.23,04:30,1374.7,1375.9,1374.6,1375.2,235
2013.08.23,05:00,1375.3,1375.9,1373.9,1374.4,215
2013.08.23,05:30,1374.5,1377.9,1374.4,1377,370
2013.08.23,06:00,1376.9,1377.4,1376.2,1376.5,236
2013.08.23,06:30,1376.4,1377.1,1376.4,1376.5,106
2013.08.23,07:00,1376.4,1377,1375.1,1375.2,153
2013.08.23,07:30,1375.1,1378.6,1374.7,1377.9,262
2013.08.23,08:00,1377.8,1378.2,1376.2,1376.4,214
2013.08.23,08:30,1376.3,1377.8,1374,1377.6,664
2013.08.23,09:00,1377.4,1377.6,1374.3,1375.2,624
2013.08.23,09:30,1375.3,1377.5,1375,1376.7,426
2013.08.23,10:00,1376.6,1376.7,1374.2,1375.4,391
2013.08.23,10:30,1375.3,1376.6,1374.6,1376.1,304
2013.08.23,11:00,1376.2,1376.6,1375.2,1375.6,292
2013.08.23,11:30,1375.7,1377.6,1375.2,1376.4,308
2013.08.23,12:00,1376.3,1376.8,1375.7,1376.7,223
2013.08.23,12:30,1376.6,1377.1,1374.3,1374.9,350
2013.08.23,13:00,1374.7,1376.1,1374.7,1375.6,153
2013.08.23,13:30,1375.5,1375.9,1374.5,1374.5,239
2013.08.23,14:00,1374.4,1375.1,1373.7,1373.9,271
2013.08.23,14:30,1373.8,1374.3,1370.4,1372.5,634
2013.08.23,15:00,1372.4,1373.6,1370.8,1372,498
2013.08.23,15:30,1371.9,1372.7,1368.8,1372.1,724
2013.08.23,16:00,1372,1373.2,1371.2,1372.3,833
2013.08.23,16:30,1372.2,1375.7,1371.7,1375.5,725
2013.08.23,17:00,1377.3,1393.5,1376.7,1390.3,2139
2013.08.23,17:30,1390.4,1397.7,1390.4,1395.8,1517
2013.08.23,18:00,1395.9,1397,1393.7,1394.4,743
2013.08.23,18:30,1394.5,1398.1,1394.4,1396.3,741
2013.08.23,19:00,1396.8,1397.5,1395.9,1396.4,473
2013.08.23,19:30,1396.5,1398.9,1394.5,1396,644
2013.08.23,20:00,1395.9,1396.5,1394.3,1396.1,487
2013.08.23,20:30,1396,1397.2,1395.1,1396.7,530
2013.08.23,21:00,1396.5,1398.3,1396.2,1397.9,711
2013.08.23,21:30,1398,1399.8,1397.2,1399.2,420
2013.08.23,22:00,1399.3,1399.7,1395.4,1396.1,454
2013.08.23,22:30,1396.2,1396.8,1395.8,1396.2,190
2013.08.23,23:00,1396.3,1397.6,1395.9,1397,116
2013.08.23,23:30,1397.1,1398,1396.9,1397.6,151
2013.08.26,01:00,1399,1399.8,1397.2,1398.2,220
2013.08.26,01:30,1398.1,1404.6,1397.6,1403.8,338
2013.08.26,02:00,1403.9,1406.9,1401.7,1402.1,483
2013.08.26,02:30,1401.7,1401.9,1390.6,1396,718
2013.08.26,03:00,1396.1,1397.1,1394.6,1395.1,430
2013.08.26,03:30,1395.2,1395.2,1391.1,1392.9,533
2013.08.26,04:00,1393.1,1397.1,1393.1,1396.4,557
2013.08.26,04:30,1396.3,1396.5,1394,1394.8,345
2013.08.26,05:00,1394.7,1394.8,1393,1393.4,225
2013.08.26,05:30,1393.5,1395,1393.3,1393.9,298
2013.08.26,06:00,1394,1396.6,1393.9,1396.1,340
2013.08.26,06:30,1396,1396.4,1395.5,1396.1,122
2013.08.26,07:00,1396.2,1396.9,1395.8,1396.3,89
2013.08.26,07:30,1396.5,1396.8,1395.6,1396.3,186
2013.08.26,08:00,1396.4,1396.6,1394.7,1395.5,225
2013.08.26,08:30,1395.7,1400.7,1394.8,1396.7,878
2013.08.26,09:00,1396.8,1397.5,1396.5,1396.9,261
2013.08.26,09:30,1396.8,1398.5,1396.2,1396.7,424
2013.08.26,10:00,1396.5,1396.7,1393.8,1395.9,333
2013.08.26,10:30,1396,1396.1,1393.3,1394.5,248
2013.08.26,11:00,1394.3,1395.7,1394.1,1394.8,268
2013.08.26,11:30,1394.7,1394.9,1393.7,1394,212
2013.08.26,12:00,1393.9,1396.7,1393.8,1395.7,244
2013.08.26,12:30,1395.8,1397.4,1395.6,1395.7,278
2013.08.26,13:00,1395.6,1396.5,1394.7,1395.1,297
2013.08.26,13:30,1395,1395.3,1393.6,1394.7,256
2013.08.26,14:00,1394.6,1395.8,1394.1,1395.1,264
2013.08.26,14:30,1395,1395.6,1392.7,1392.7,433
2013.08.26,15:00,1392.6,1396.7,1392.4,1395.3,545
2013.08.26,15:30,1398.7,1400.2,1395.7,1396.4,996
2013.08.26,16:00,1396.6,1398.9,1393.7,1396.3,1014
2013.08.26,16:30,1396.2,1397.1,1394.4,1395.6,818
2013.08.26,17:00,1395.5,1397.9,1395,1397,521
2013.08.26,17:30,1396.8,1396.9,1395.1,1395.5,361
2013.08.26,18:00,1395.4,1399.4,1395.4,1396.5,619
2013.08.26,18:30,1396.6,1397.4,1391.6,1393.9,714
2013.08.26,19:00,1394,1394.5,1389.3,1392.6,824
2013.08.26,19:30,1392.7,1393.9,1391.6,1393.6,426
2013.08.26,20:00,1393.5,1394.3,1391.5,1393.1,395
2013.08.26,20:30,1393.2,1393.8,1392.2,1393.1,210
2013.08.26,21:00,1393,1394,1393,1393.3,110
2013.08.26,21:30,1393.4,1395.7,1393.1,1395.4,194
2013.08.26,22:00,1395.5,1398.4,1395.1,1397.8,338
2013.08.26,22:30,1397.9,1403.4,1397.7,1402.1,651
2013.08.26,23:00,1402.2,1402.8,1401.4,1402.8,160
2013.08.26,23:30,1402.9,1404.5,1402.6,1404.3,193
2013.08.27,00:00,1404.2,1405,1403.9,1404.5,60
2013.08.27,01:00,1404.6,1404.8,1401,1401,267
2013.08.27,01:30,1401.1,1402.7,1400.9,1401.1,132
2013.08.27,02:00,1401,1401.7,1400.4,1401.1,101
2013.08.27,02:30,1401.3,1403.5,1401.3,1403.3,162
2013.08.27,03:00,1403.2,1405.5,1402.1,1405.2,448
2013.08.27,03:30,1405.4,1407.3,1396.3,1399,663
2013.08.27,04:00,1398.9,1400.6,1395.6,1398,767
2013.08.27,04:30,1397.9,1398.8,1396.4,1397.8,387
2013.08.27,05:00,1397.7,1398.3,1397.5,1397.8,198
2013.08.27,05:30,1397.7,1397.7,1396.4,1397.1,228
2013.08.27,06:00,1397.2,1398.2,1396.3,1397.7,350
2013.08.27,06:30,1397.8,1398,1397,1397.1,87
2013.08.27,07:00,1397.3,1399.5,1396.6,1399.3,209
2013.08.27,07:30,1399.4,1400.1,1398.1,1398.9,297
2013.08.27,08:00,1398.8,1401.9,1398.2,1401.3,238
2013.08.27,08:30,1401.2,1402.7,1400.3,1401.1,639
2013.08.27,09:00,1401.2,1401.9,1398.3,1399.3,617
2013.08.27,09:30,1399.2,1401.8,1398.4,1401.1,479
2013.08.27,10:00,1401.3,1404.3,1400.9,1403.1,588
2013.08.27,10:30,1403.2,1403.9,1402,1403,437
2013.08.27,11:00,1403.3,1412.5,1402.7,1410.9,1091
2013.08.27,11:30,1411,1411.5,1409.9,1410.2,460
2013.08.27,12:00,1410.1,1412.8,1410,1412.4,477
2013.08.27,12:30,1412.5,1412.9,1410.5,1412.2,530
2013.08.27,13:00,1412.3,1412.3,1410.7,1411.5,327
2013.08.27,13:30,1411.4,1411.8,1410.2,1410.4,236
2013.08.27,14:00,1410.5,1415.1,1410.4,1414.8,438
2013.08.27,14:30,1414.7,1414.8,1413,1414.2,566
2013.08.27,15:00,1414.1,1422.6,1414.1,1420,1307
2013.08.27,15:30,1419.9,1421.1,1418,1418.4,928
2013.08.27,16:00,1418.5,1421.3,1416.1,1417.9,1200
2013.08.27,16:30,1417.8,1420.2,1417.2,1417.8,1123
